insert into product(id, name, category, price) values (99, 'Welcome to the Jungle', 'MUSIC', 1.99);
insert into music(id, platform, type, artist, genre) values (99, 'DIGITAL', 'SONG', 'Guns n Roses', 'Rock');
insert into song(id) values (99);

insert into product(id, name, category, price) values (100, 'It''s So Easy', 'MUSIC', 1.99);
insert into music(id, platform, type, artist, genre) values (100, 'DIGITAL', 'SONG', 'Guns n Roses', 'Rock');
insert into song(id) values (100);

insert into product(id, name, category, price) values (101, 'Nightrain', 'MUSIC', 1.99);
insert into music(id, platform, type, artist, genre) values (101, 'DIGITAL', 'SONG', 'Guns n Roses', 'Rock');
insert into song(id) values (101);

insert into product(id, name, category, price) values (102, 'Out Ta Get Me', 'MUSIC', 1.99);
insert into music(id, platform, type, artist, genre) values (102, 'DIGITAL', 'SONG', 'Guns n Roses', 'Rock');
insert into song(id) values (102);

insert into product(id, name, category, price) values (103, 'Mr.Brownstone', 'MUSIC', 1.99);
insert into music(id, platform, type, artist, genre) values (103, 'DIGITAL', 'SONG', 'Guns n Roses', 'Rock');
insert into song(id) values (103);

insert into product(id, name, category, price) values (104, 'Paradise City', 'MUSIC', 1.99);
insert into music(id, platform, type, artist, genre) values (104, 'DIGITAL', 'SONG', 'Guns n Roses', 'Rock');
insert into song(id) values (104);

insert into product(id, name, category, price) values (105, 'My Michelle', 'MUSIC', 1.99);
insert into music(id, platform, type, artist, genre) values (105, 'DIGITAL', 'SONG', 'Guns n Roses', 'Rock');
insert into song(id) values (105);

insert into product(id, name, category, price) values (106, 'Think About You', 'MUSIC', 1.99);
insert into music(id, platform, type, artist, genre) values (106, 'DIGITAL', 'SONG', 'Guns n Roses', 'Rock');
insert into song(id) values (106);

insert into product(id, name, category, price) values (107, 'Sweet Child O'' Mine', 'MUSIC', 1.99);
insert into music(id, platform, type, artist, genre) values (107, 'DIGITAL', 'SONG', 'Guns n Roses', 'Rock');
insert into song(id) values (107);

insert into product(id, name, category, price) values (108, 'You''re Crazy', 'MUSIC', 1.99);
insert into music(id, platform, type, artist, genre) values (108, 'DIGITAL', 'SONG', 'Guns n Roses', 'Rock');
insert into song(id) values (108);

insert into product(id, name, category, price) values (109, 'Anything Goes', 'MUSIC', 1.99);
insert into music(id, platform, type, artist, genre) values (109, 'DIGITAL', 'SONG', 'Guns n Roses', 'Rock');
insert into song(id) values (109);

insert into product(id, name, category, price) values (110, 'Rocket Queen', 'MUSIC', 1.99);
insert into music(id, platform, type, artist, genre) values (110, 'DIGITAL', 'SONG', 'Guns n Roses', 'Rock');
insert into song(id) values (110);

insert into product(id, name, category, price) values (77, 'Appetite for Destruction', 'MUSIC', 5.99);
insert into music(id, platform, type, artist, genre) values (77, 'DIGITAL', 'ALBUM', 'Guns n Roses', 'Rock');
insert into album(id) values (77);

insert into song_album(song_id, album_id) values (99,77);
insert into song_album(song_id, album_id) values (100,77);
insert into song_album(song_id, album_id) values (101,77);
insert into song_album(song_id, album_id) values (102,77);
insert into song_album(song_id, album_id) values (103,77);
insert into song_album(song_id, album_id) values (104,77);
insert into song_album(song_id, album_id) values (105,77);
insert into song_album(song_id, album_id) values (106,77);
insert into song_album(song_id, album_id) values (107,77);
insert into song_album(song_id, album_id) values (108,77);
insert into song_album(song_id, album_id) values (109,77);
insert into song_album(song_id, album_id) values (110,77);

insert into product(id, name, category, price) values (111, 'Patience', 'MUSIC', 1.99);
insert into music(id, platform, type, artist, genre) values (111, 'DIGITAL', 'SONG', 'Guns n Roses', 'Rock');
insert into song(id) values (111);

insert into product(id, name, category, price) values (112, 'Knockin'' On Heaven''s Door', 'MUSIC', 1.99);
insert into music(id, platform, type, artist, genre) values (112, 'DIGITAL', 'SONG', 'Guns n Roses', 'Rock');
insert into song(id) values (112);

insert into product(id, name, category, price) values (113, 'Civil War', 'MUSIC', 1.99);
insert into music(id, platform, type, artist, genre) values (113, 'DIGITAL', 'SONG', 'Guns n Roses', 'Rock');
insert into song(id) values (113);

insert into product(id, name, category, price) values (114, 'You Could Be Mine', 'MUSIC', 1.99);
insert into music(id, platform, type, artist, genre) values (114, 'DIGITAL', 'SONG', 'Guns n Roses', 'Rock');
insert into song(id) values (114);

insert into product(id, name, category, price) values (115, 'Don''t Cry (original)', 'MUSIC', 1.99);
insert into music(id, platform, type, artist, genre) values (115, 'DIGITAL', 'SONG', 'Guns n Roses', 'Rock');
insert into song(id) values (115);

insert into product(id, name, category, price) values (116, 'November Rain', 'MUSIC', 1.99);
insert into music(id, platform, type, artist, genre) values (116, 'DIGITAL', 'SONG', 'Guns n Roses', 'Rock');
insert into song(id) values (116);

insert into product(id, name, category, price) values (117, 'Live and Let Die', 'MUSIC', 1.99);
insert into music(id, platform, type, artist, genre) values (117, 'DIGITAL', 'SONG', 'Guns n Roses', 'Rock');
insert into song(id) values (117);

insert into product(id, name, category, price) values (118, 'Yesterdays', 'MUSIC', 1.99);
insert into music(id, platform, type, artist, genre) values (118, 'DIGITAL', 'SONG', 'Guns n Roses', 'Rock');
insert into song(id) values (118);

insert into product(id, name, category, price) values (119, 'Ain''t It Fun', 'MUSIC', 1.99);
insert into music(id, platform, type, artist, genre) values (119, 'DIGITAL', 'SONG', 'Guns n Roses', 'Rock');
insert into song(id) values (119);

insert into product(id, name, category, price) values (120, 'Since I Don''t Have You', 'MUSIC', 1.99);
insert into music(id, platform, type, artist, genre) values (120, 'DIGITAL', 'SONG', 'Guns n Roses', 'Rock');
insert into song(id) values (120);

insert into product(id, name, category, price) values (121, 'Sympathy for the Devil', 'MUSIC', 1.99);
insert into music(id, platform, type, artist, genre) values (121, 'DIGITAL', 'SONG', 'Guns n Roses', 'Rock');
insert into song(id) values (121);

insert into product(id, name, category, price) values (78, 'Greatest Hits', 'MUSIC', 5.99);
insert into music(id, platform, type, artist, genre) values (78, 'DIGITAL', 'ALBUM', 'Guns n Roses', 'Rock');
insert into album(id) values (78);

insert into song_album(song_id, album_id) values (99,78);
insert into song_album(song_id, album_id) values (104,78);
insert into song_album(song_id, album_id) values (107,78);
insert into song_album(song_id, album_id) values (111,78);
insert into song_album(song_id, album_id) values (112,78);
insert into song_album(song_id, album_id) values (113,78);
insert into song_album(song_id, album_id) values (114,78);
insert into song_album(song_id, album_id) values (115,78);
insert into song_album(song_id, album_id) values (116,78);
insert into song_album(song_id, album_id) values (117,78);
insert into song_album(song_id, album_id) values (118,78);
insert into song_album(song_id, album_id) values (119,78);
insert into song_album(song_id, album_id) values (120,78);
insert into song_album(song_id, album_id) values (121,78);
